0,0,0,0,0,0,0,0,0,0,0,0,0,0,0,0,0,0,0,0,0,0,0,0,0,0,0,0,0,0,0,0,0,0,0,0,0,0,0,0,0,0,0,0,0,0,0,0,0,0
1,5,3,4,3,3,5,-0.46,-0.4508,-0.44178399999999995,-0.43294832,-0.4242893536,-0.415803566528,-0.40748749519743993,-0.39933774529349114,-0.39135099038762133,-0.3835239705798689,-0.37585349116827155,-0.3683364213449061,-0.36096969291800796,-0.3537502990596478,-0.34667529307845485,-0.33974178721688575,-0.332946951472548,-0.3262880124430971,-0.3197622521942351,-0.31336700715035043,-0.3070996670073434,-0.30095767366719656,-0.29493852019385264,-0.28903974978997554,-0.28325895479417607,-0.2775937756982925,-0.27204190018432667,-0.26660106218064017,-0.26126904093702735,-0.25604366011828683,-0.25092278691592107,-0.24590433117760263,-0.2409862445540506,-0.23616651966296956,-0.23144318926971016,-0.226814325484316,-0.22227803897462967,-0.21783247819513707,-0.21347582863123435,-0.20920631205860968,-0.20502218581743747,-0.20092174210108873,-0.19690330725906693
2,4,0.28625000000000006,0.036130729166666674,0.8069490080295141,0.22327944594283497,-0.06848025382630792,-0.06845172038721362,-0.06842319883705228,-0.06839468917087017,-0.06836619138371565,-0.0683377054706391,-0.068309231426693,-0.06828076924693187,-0.06825231892641231,-0.06822388046019298,-0.06819545384333457,-0.06816703907089984,-0.06813863613795364,-0.06811024503956283,-0.06808186577079633,-0.06805349832672518,-0.06802514270242237,-0.06799679889296303,-0.0679684668934243,-0.06794014669888536,-0.0679118383044275,-0.06788354170513398,-0.06785525689609018,-0.06782698387238348,-0.06779872262910332,-0.06777047316134119,-0.06774223546419063,-0.06771400953274723,-0.06768579536210857,-0.06765759294737436,-0.06762940228364629,-0.06760122336602811,-0.0675730561896256,-0.06754490074954658,-0.06751675704090095,-0.06748862505880056,-0.0674605047983594,-0.06743239625469341,-0.06740429942292063,-0.06737621429816107,-0.06734814087553684,-0.06732007915017203,-0.0672920291171928,-0.0672639907717273
3,1.7035973692244277,0.29218441198725076,0.03685185033989494,0.8237285428785628,0.22789220677555747,-0.06994774205578953,-0.0699180027166185,-0.06988827601652486,-0.06985856195013919,-0.06982886051209425,-0.06979917169702511,-0.06976949549956914,-0.06973983191436596,-0.06971018093605748,-0.06968054255928789,-0.06965091677870364,-0.06962130358895345,-0.06959170298468835,-0.06956211496056158,-0.06953253951122872,-0.06950297663134755,-0.06947342631557818,-0.06944388855858295,-0.06941436335502649,-0.06938485069957567,-0.06935535058689964,-0.06932586301166982,-0.06929638796855987,-0.06926692545224575,-0.06923747545740565,-0.06920803797872001,-0.06917861301087158,-0.06914920054854531,-0.06911980058642844,-0.06909041311921046,-0.06906103814158313,-0.06903167564824042,-0.0690023256338786,-0.06897298809319617,-0.0689436630208939,-0.06891435041167476,-0.06888505026024404,-0.06885576256130924,-0.06882648730958009,-0.0687972244997686,-0.06876797412658903,-0.06873873618475786,-0.0687095106689938,-0.06868029757401786
4,1.7390745975498914,0.2982424215251376,0.03758790733948773,0.8408575576156281,0.23260082742100294,-0.07144608226959936,-0.07141509905243984,-0.07138412925595435,-0.07135317287433587,-0.0713222299017799,-0.07129130033248446,-0.07126038416065006,-0.07122948138047969,-0.07119859198617891,-0.07116771597195573,-0.07113685333202069,-0.07110600406058683,-0.07107516815186969,-0.0710443456000873,-0.07101353639946019,-0.0709827405442114,-0.07095195802856648,-0.07092118884675344,-0.07089043299300281,-0.07085969046154761,-0.07082896124662334,-0.07079824534246801,-0.07076754274332211,-0.07073685344342863,-0.07070617743703303,-0.07067551471838326,-0.0706448652817298,-0.07061422912132553,-0.07058360623142591,-0.07055299660628882,-0.07052240024017463,-0.0704918171273462,-0.07046124726206889,-0.07043069063861049,-0.07040014725124132,-0.07036961709423414,-0.07033910016186422,-0.07030859644840926,-0.07027810594814947,-0.0702476286553675,-0.07021716456434852,-0.07018671366938013,-0.07015627596475241,-0.07012585144475789
5,4,3,0.0392057588098398,0.8592095193619536,0.23827312730421293,-0.07211045646322824,-0.0720785509397972,-0.07204665950093186,-0.0720147821404276,-0.07198291885208251,-0.07195106962969745,-0.07191923446707599,-0.0718874133580244,-0.07185560629635171,-0.07182381327586963,-0.07179203429039266,-0.07176026933373794,-0.07172851839972537,-0.07169678148217756,-0.07166505857491987,-0.07163334967178028,-0.0716016547665896,-0.07156997385318128,-0.07153830692539151,-0.07150665397705916,-0.07147501500202584,-0.07144338999413585,-0.07141177894723622,-0.07138018185517665,-0.07134859871180958,-0.07131702951099013,-0.07128547424657612,-0.0712539329124281,-0.07122240550240927,-0.07119089201038557,-0.07115939243022563,-0.07112790675580076,-0.07109643498098497,-0.07106497709965498,-0.07103353310569019,-0.07100210299297267,-0.07097068675538723,-0.07093928438682133,-0.07090789588116511,-0.07087652123231145,-0.07084516043415584,-0.07081381348059652,-0.07078248036553438,-0.07075116108287298
6,4,0.3060022138447218,0.04073095067527607,0.8778174874089484,0.24393716719665184,-0.07291510124923291,-0.07288219575873622,-0.07284930506288663,-0.07281642915505437,-0.07278356802861267,-0.0727507216769377,-0.07271789009340861,-0.07268507327140748,-0.07265227120431936,-0.07261948388553227,-0.07258671130843715,-0.07255395346642794,-0.07252121035290149,-0.07248848196125762,-0.0724557682848991,-0.07242306931723162,-0.07239038505166387,-0.07235771548160742,-0.07232506060047685,-0.07229242040168962,-0.07225979487866617,-0.07222718402482989,-0.07219458783360705,-0.07216200629842692,-0.0721294394127217,-0.07209688716992645,-0.07206434956347926,-0.07203182658682111,-0.07199931823339589,-0.07196682449665046,-0.07193434537003457,-0.07190188084700093,-0.07186943092100515,-0.07183699558550577,-0.07180457483396427,-0.07177216865984504,-0.07173977705661537,-0.07170740001774549,-0.07167503753670855,-0.07164268960698061,-0.07161035622204066,-0.07157803737537057,-0.07154573306045514,-0.07151344327078209
7,1.7768391304065743,0.31234892828104643,0.041548535997888825,5,0.24935363198932922,-0.07410198224284173,-0.07406789668754571,-0.07403382672681223,-0.07399977235354017,-0.07396573356063157,-0.0739317103409917,-0.07389770268752906,-0.07386371059315536,-0.0738297340507855,-0.07379577305333765,-0.07376182759373313,-0.07372789766489653,-0.07369398325975558,-0.07366008437124127,-0.07362620099228778,-0.07359233311583249,-0.073558480734816,-0.07352464384218206,-0.07349082243087769,-0.07345701649385306,-0.07342322602406157,-0.07338945101445976,-0.07335569145800744,-0.07332194734766756,-0.07328821867640628,-0.07325450543719295,-0.07322080762300008,-0.07318712522680342,-0.07315345824158184,-0.07311980666031746,-0.07308617047599555,-0.07305254968160456,-0.07301894427013611,-0.07298535423458503,-0.07295177956794931,-0.07291822026323008,-0.07288467631343172,-0.07285114771156172,-0.07281763445063076,-0.07278413652365269,-0.07275065392364453,-0.07271718664362647,-0.07268373467662187,-0.07265029801565723
8,1.8142100946361213,0.3191941087312158,0.0427491894503048,0.8964085935998163,0.2545095544219617,-0.07568686674105966,-0.07565141070148738,-0.07561597115239949,-0.0755805480861736,-0.0755451414951908,-0.0755097513718357,-0.0754743777084964,-0.0754390204975645,-0.07540367973143511,-0.07536835540250683,-0.07533304750318173,-0.07529775602586543,-0.07526248096296696,-0.07522722230689895,-0.07519198005007739,-0.07515675418492188,-0.0751215447038554,-0.0750863515993045,-0.07505117486369915,-0.07501601448947284,-0.07498087046906252,-0.07494574279490859,-0.074910631459455,-0.0748755364551491,-0.07484045777444176,-0.0748053954097873,-0.07477034935364349,-0.07473531959847163,-0.07470030613673642,-0.07466530896090605,-0.07463032806345218,-0.07459536343684994,-0.07456041507357788,-0.07452548296611805,-0.07449056710695594,-0.07445566748858048,-0.0744207841034841,-0.0743859169441626,-0.07435106600311533,-0.07431623127284502,-0.07428141274585787,-0.07424661041466352,-0.07421182427177504,-0.074177054309709
9,1.8519935660041043,0.32581567061310973,0.04360872319639565,0.9150523401266277,0.2597726360715151,-0.0773050701497566,-0.07726820119127292,-0.07723134965554164,-0.07719451553439306,-0.07715769881966136,-0.0771208995031845,-0.07708411757680424,-0.07704735303236612,-0.07701060586171954,-0.07697387605671763,-0.07693716360921735,-0.07690046851107943,-0.07686379075416842,-0.07682713033035264,-0.07679048723150421,-0.07675386144949901,-0.07671725297621676,-0.0766806618035409,-0.07664408792335867,-0.07660753132756111,-0.07657099200804303,-0.076534469956703,-0.07649796516544337,-0.07646147762617028,-0.0764250073307936,-0.07638855427122702,-0.07635211843938797,-0.07631569982719763,-0.07627929842658096,-0.07624291422946669,-0.0762065472277873,-0.07617019741347904,-0.07613386477848189,-0.0760975493147396,-0.07606125101419968,-0.0760249698688134,-0.07598870587053573,-0.07595245901132544,-0.07591622928314504,-0.07588001667796074,-0.07584382118774255,-0.0758076428044642,-0.07577148152010314,-0.07573533732664058
10,4,0.33336288263582897,0.045273479142923886,4,0.26632138502968333,-0.07778150204993073,-0.07774366647485359,-0.07770584908825973,-0.07766804988149026,-0.07763026884589036,-0.0775925059728093,-0.07755476125360043,-0.0775170346796212,-0.07747932624223312,-0.07744163593280179,-0.07740396374269687,-0.07736630966329214,-0.0773286736859654,-0.07729105580209854,-0.07725345600307754,-0.07721587428029242,-0.07717831062513728,-0.0771407650290103,-0.07710323748331366,-0.07706572797945366,-0.07702823650884066,-0.07699076306288904,-0.07695330763301728,-0.07691587021064783,-0.07687845078720729,-0.07684104935412622,-0.07680366590283931,-0.07676630042478523,-0.07672895291140672,-0.07669162335415057,-0.07665431174446757,-0.0766170180738126,-0.07657974233364453,-0.07654248451542629,-0.07650524461062484,-0.07646802261071116,-0.07643081850716026,-0.07639363229145116,-0.07635646395506694,-0.07631931348949468,-0.07628218088622547,-0.07624506613675446,-0.07620796923258075,-0.07617089016520752
11,1.891706935031055,0.3406621796372333,0.04656787219780875,0.9352221340198592,0.27183072757092785,-0.07944326521557034,-0.07940394899802673,-0.07936465196482752,-0.07932537410671844,-0.0792861154144497,-0.0792468758787759,-0.07920765549045602,-0.07916845424025354,-0.07912927211893628,-0.0790901091172765,-0.07905096522605086,-0.07901184043604047,-0.07897273473803076,-0.07893364812281166,-0.07889458058117742,-0.07885553210392673,-0.07881650268186269,-0.07877749230579274,-0.07873850096652878,-0.07869952865488702,-0.07866057536168816,-0.0786216410777572,-0.07858272579392357,-0.07854382950102105,-0.07850495218988784,-0.07846609385136648,-0.0784272544763039,-0.07838843405555142,-0.0783496325799647,-0.0783108500404038,-0.07827208642773315,-0.07823334173282151,-0.07819461594654202,-0.0781559090597722,-0.0781172210633939,-0.07807855194829336,-0.07803990170536115,-0.0780012703254922,-0.07796265779958579,-0.07792406411854556,-0.07788548927327947,-0.07784693325469987,-0.0778083960537234,-0.07776987766127108
12,1.9311060684713701,0.3477314643679104,0.04750724665486015,5,0.27785236266473706,-0.0807423473194356,-0.08070167072981656,-0.08066101429103745,-0.08062037799324852,-0.08057976182660478,-0.08053916578126603,-0.0804985898473968,-0.08045803401516637,-0.08041749827474878,-0.08037698261632284,-0.08033648703007207,-0.08029601150618478,-0.08025555603485399,-0.08021512060627746,-0.08017470521065774,-0.08013430983820205,-0.08009393447912239,-0.08005357912363546,-0.08001324376196273,-0.07997292838433034,-0.07993263298096923,-0.079892357542115,-0.07985210205800802,-0.07981186651889334,-0.07977165091502074,-0.0797314552366447,-0.07969127947402446,-0.07965112361742392,-0.0796109876571117,-0.07957087158336114,-0.07953077538645027,-0.07949069905666184,-0.07945064258428326,-0.07941060595960667,-0.07937058917292891,-0.07933059221455147,-0.07929061507478057,-0.07925065774392709,-0.07921072021230662,-0.0791708024702394,-0.0791309045080504,-0.07909102631606924,-0.07905116788463018,-0.07901132920407224
13,3,3,0.0498257681121376,5,1,-0.08098088663611953,-0.08093926322616814,-0.08089766078137432,-0.08085607929134381,-0.08081451874568747,-0.0807729791340212,-0.08073146044596605,-0.08068996267114807,-0.08064848579919846,-0.08060702981975346,-0.08056559472245438,-0.08052418049694761,-0.0804827871328846,-0.0804414146199219,-0.08040006294772106,-0.08035873210594878,-0.08031742208427672,-0.08027613287238168,-0.08023486445994545,-0.0801936168366549,-0.08015238999220196,-0.0801111839162836,-0.08006999859860181,-0.08002883402886365,-0.07998769019678122,-0.07994656709207162,-0.07990546470445702,-0.07986438302366462,-0.07982332203942663,-0.0797822817414803,-0.07974126211956792,-0.07970026316343676,-0.07965928486283914,-0.07961832720753238,-0.07957739018727886,-0.07953647379184592,-0.07949557801100592,-0.07945470283453622,-0.07941384825221924,-0.07937301425384233,-0.0793322008291979,-0.0792914079680833,-0.07925063566030094,-0.07920988389565817
14,1.9731643138090957,0.3567852145179231,0.051340590042291266,0.9564787225455533,0.2850463957725657,-0.08270913665499133,-0.08266592598649142,-0.08262273738128093,-0.08257957082829148,-0.08253642631646024,-0.08249330383472978,-0.08245020337204818,-0.08240712491736896,-0.08236406845965115,-0.08232103398785919,-0.08227802149096299,-0.08223503095793794,-0.08219206237776489,-0.08214911573943008,-0.08210619103192528,-0.08206328824424765,-0.0820204073653998,-0.08197754838438981,-0.08193471129023115,-0.08189189607194276,-0.08184910271854903,-0.08180633121907971,-0.08176358156257006,-0.0817208537380607,-0.08167814773459772,-0.08163546354123258,-0.08159280114702219,-0.08155016054102888,-0.08150754171232037,-0.0814649446499698,-0.08142236934305569,-0.08137981578066202,-0.0813372839518781,-0.08129477384579868,-0.08125228545152394,-0.08120981875815937,-0.0811673737548159,-0.08112495043060984,-0.0810825487746629,-0.08104016877610211,-0.08099781042405997,-0.0809554737076743,-0.0809131586160883,-0.08087086513845057
15,1,0.3650303083650186,0.053218818757041486,0.9772132130921569,0.291784073473671,-0.08363583991183553,-0.08359134289471819,-0.0835468689365207,-0.08350241802552931,-0.08345799015003606,-0.0834135852983389,-0.08336920345874159,-0.08332484461955376,-0.08328050876909092,-0.08323619589567435,-0.08319190598763122,-0.08314763903329456,-0.08310339502100315,-0.0830591739391017,-0.08301497577594069,-0.08297080051987643,-0.08292664815927107,-0.08288251868249259,-0.08283841207791474,-0.08279432833391716,-0.08275026743888522,-0.08270622938121017,-0.08266221414928901,-0.08261822173152457,-0.08257425211632549,-0.0825303052921062,-0.0824863812472869,-0.08244247997029362,-0.08239860144955816,-0.08235474567351808,-0.0823109126306168,-0.08226710230930342,-0.08222331469803291,-0.08217954978526594,-0.08213580755946903,-0.0820920880091144,-0.08204839112268004,-0.08200471688864974,-0.08196106529551304,-0.08191743633176522,-0.08187382998590735,-0.0818302462464462,-0.08178668510189435,-0.08174314654077007
16,5,0.37344799819460567,0.055136928515700026,5,0.299078665665315,-0.08416553532913615,-0.08411989058440499,-0.08407426985720769,-0.08402867313518701,-0.08398310040599197,-0.0839375516572778,-0.083892026876706,-0.08384652605194426,-0.08380104917066661,-0.08375559622055322,-0.08371016718929049,-0.08366476206457112,-0.08361938083409394,-0.08357402348556409,-0.08352869000669286,-0.08348338038519779,-0.0834380946088026,-0.08339283266523727,-0.0833475945422379,-0.0833023802275469,-0.08325718970891278,-0.08321202297409032,-0.08316688001084044,-0.08312176080693025,-0.08307666535013312,-0.0830315936282285,-0.08298654562900207,-0.08294152134024572,-0.08289652074975745,-0.08285154384534146,-0.08280659061480813,-0.082761661045974,-0.08271675512666174,-0.08267187284470019,-0.08262701418792442,-0.08258217914417554,-0.08253736770130086,-0.08249257984715384,-0.08244781556959407,-0.08240307485648732,-0.08235835769570543,-0.08231366407512644,-0.08226899398263447,-0.0822243474061198
17,4,0.3824501466782702,0.057503845485852474,0.9995976515977354,0.30611021692251444,-0.0851211680723449,-0.08507417421512217,-0.0850272054379288,-0.0849802617277074,-0.08493334307140725,-0.08488644945598428,-0.08483958086840108,-0.08479273729562696,-0.08474591872463781,-0.08469912514241623,-0.08465235653595142,-0.08460561289223929,-0.08455889419828232,-0.08451220044108967,-0.08446553160767717,-0.0844188876850672,-0.08437226866028884,-0.08432567452037776,-0.08427910525237628,-0.08423256084333332,-0.08418604128030442,-0.08413954655035173,-0.08409307664054404,-0.08404663153795668,-0.08400021122967168,-0.08395381570277757,-0.08390744494436954,-0.08386109894154936,-0.08381477768142537,-0.08376848115111252,-0.08372220933773235,-0.08367596222841295,-0.083629739810289,-0.08358354207050174,-0.08353736899619905,-0.08349122057453529,-0.08344509679267141,-0.08339899763777492,-0.0833529230970199,-0.08330687315758699,-0.08326084780666336,-0.08321484703144273,-0.08316887081912538,-0.08312291915691811
18,5,0.3912326679591262,0.059512992774666054,3,0.3137143254930539,-0.08567088173443611,-0.08562267979116205,-0.08557450395378711,-0.08552635420855449,-0.0854782305417144,-0.08543013293952416,-0.08538206138824818,-0.08533401587415798,-0.08528599638353218,-0.08523800290265646,-0.08519003541782352,-0.08514209391533327,-0.08509417838149257,-0.08504628880261542,-0.08499842516502285,-0.08495058745504293,-0.08490277565901086,-0.08485498976326884,-0.08480722975416613,-0.08475949561805901,-0.08471178734131088,-0.0846641049102921,-0.0846164483113801,-0.08456881753095932,-0.0845212125554213,-0.08447363337116451,-0.08442607996459447,-0.08437855232212378,-0.08433105043017197,-0.08428357427516563,-0.08423612384353835,-0.0841886991217307,-0.0841413000961903,-0.08409392675337168,-0.08404657907973648,-0.08399925706175325,-0.08395196068589753,-0.08390468993865186,-0.08385744480650575,-0.08381022527595568,-0.08376303133350517,-0.08371586296566459,-0.08366872015895138,-0.08362160289988986
19,2.0183447554366785,0.399775623084533,0.06114156176909435,4,0.32063807701536756,-0.08707054025916276,-0.08702075091768517,-0.08697098888739556,-0.08692125415374825,-0.08687154670220516,-0.08682186651823574,-0.08677221358731706,-0.0867225878949337,-0.08667298942657786,-0.0866234181677493,-0.08657387410395521,-0.08652435722071053,-0.08647486750353757,-0.0864254049379663,-0.08637596950953415,-0.08632656120378611,-0.08627718000627473,-0.08622782590256006,-0.08617849887820966,-0.08612919891879864,-0.08607992600990962,-0.08603068013713269,-0.08598146128606551,-0.08593226944231318,-0.08588310459148839,-0.08583396671921122,-0.08578485581110928,-0.08573577185281774,-0.08568671482997914,-0.08563768472824358,-0.08558868153326861,-0.08553970523071926,-0.08549075580626801,-0.08544183324559482,-0.08539293753438712,-0.0853440686583398,-0.08529522660315517,-0.08524641135454301,-0.08519762289822058,-0.08514886121991251,-0.08510012630535096,-0.08505141814027545,-0.08500273671043294,-0.08495408200157786
20,3,0.40935545170524473,0.06366252251714255,1.0228670802545983,0.3281379701472954,-0.08806770160925932,-0.08801645950593842,-0.087965245888106,-0.08791406074042407,-0.08786290404756271,-0.08781177579420003,-0.08776067596502223,-0.08770960454472351,-0.08765856151800618,-0.08760754686958058,-0.08755656058416504,-0.087505602646486,-0.08745467304127787,-0.08740377175328314,-0.08735289876725226,-0.08730205406794375,-0.08725123764012416,-0.087200449468568,-0.0871496895380578,-0.0870989578333841,-0.08704825433934547,-0.08699757904074844,-0.08694693192240752,-0.08689631296914521,-0.08684572216579206,-0.08679515949718648,-0.08674462494817492,-0.08669411850361187,-0.08664364014835964,-0.08659318986728859,-0.08654276764527703,-0.08649237346721124,-0.08644200731798538,-0.08639166918250162,-0.08634135904567006,-0.08629107689240871,-0.08624082270764355,-0.08619059647630843,-0.08614039818334521,-0.08609022781370358,-0.08604008535234126,-0.08598997078422375,-0.08593988409432456,-0.08588982526762504
21,5,0.418718213617784,0.06581944725413268,1.0450065345591448,2,-0.08894522254527516,-0.08889254726441174,-0.08883990165964178,-0.08878728571481168,-0.08873469941377637,-0.08868214274039939,-0.08862961567855279,-0.08857711821211722,-0.08852465032498186,-0.08847221200104449,-0.08841980322421135,-0.08836742397839731,-0.0883150742475257,-0.08826275401552848,-0.08821046326634603,-0.0881582019839273,-0.0881059701522298,-0.08805376775521952,-0.08800159477687092,-0.08794945120116703,-0.08789733701209934,-0.08784525219366789,-0.08779319672988115,-0.08774117060475609,-0.08768917380231823,-0.0876372063066015,-0.08758526810164828,-0.08753335917150955,-0.0874814795002446,-0.0874296290719213,-0.0873778078706159,-0.08732601588041318,-0.08727425308540628,-0.08722251946969685,-0.08717081501739496,-0.08711913971261911,-0.08706749353949625,-0.08701587648216172,-0.08696428852475932,-0.08691272965144124,-0.08686119984636814,-0.08680969909370902,-0.0867582273776413,-0.08670678468235082
22,2.0626110730134144,2,0.06747848272528481,5,0.3365172016632908,-0.09021593840435042,-0.09016163625686105,-0.09010736508157821,-0.09005312486147167,-0.08999891557952036,-0.08994473721871228,-0.08989058976204459,-0.08983647319252348,-0.0897823874931643,-0.08972833264699151,-0.08967430863703853,-0.089620315446348,-0.0895663530579716,-0.08951242145497008,-0.08945852062041323,-0.08940465053737992,-0.08935081118895813,-0.08929700255824481,-0.08924322462834602,-0.08918947738237684,-0.08913576080346142,-0.08908207487473291,-0.0890284195793335,-0.08897479490041439,-0.0889212008211359,-0.08886763732466722,-0.0888141043941866,-0.08876060201288144,-0.08870713016394789,-0.08865368883059131,-0.08860027799602595,-0.08854689764347508,-0.08849354775617091,-0.08844022831735472,-0.08838693931027669,-0.08833368071819599,-0.08828045252438074,-0.08822725471210804,-0.08817408726466394,-0.08812095016534344,-0.08806784339745052,-0.08801476694429805,-0.08796172078920785,-0.08790870491551066
23,5,0.42901923399408,0.07016991962947258,1.0683491234997393,0.34436734497851873,-0.0912593397335797,-0.09120347154079712,-0.09114763561799424,-0.09109183194724531,-0.09103606051063427,-0.09098032129025473,-0.09092461426821,-0.09086893942661296,-0.09081329674758626,-0.09075768621326218,-0.09070210780578257,-0.09064656150729902,-0.09059104729997272,-0.09053556516597448,-0.0904801150874848,-0.09042469704669368,-0.09036931102580087,-0.09031395700701568,-0.09025863497255701,-0.09020334490465338,-0.09014808678554294,-0.09009286059747339,-0.09003766632270202,-0.0899825039434957,-0.08992737344213095,-0.08987227480089376,-0.08981720800207971,-0.08976217302799405,-0.08970716986095144,-0.08965219848327617,-0.08959725887730208,-0.08954235102537253,-0.08948747490984041,-0.08943263051306818,-0.0893778178174278,-0.08932303680530078,-0.08926828745907808,-0.08921356976116025,-0.08915888369395729,-0.08910422923988873,-0.08904960638138365,-0.08899501510088054,-0.08894045538082739,-0.08888592720368166
24,2.107041725189202,0.4379338168903167,0.0716047607335732,1.0905787668340103,0.35150477224220844,-0.09320044232941851,-0.09314260142320471,-0.09308479428122576,-0.09302702088455989,-0.09296928121429557,-0.0929115752515316,-0.09285390297737707,-0.09279626437295126,-0.09273865941938386,-0.09268108809781479,-0.09262355038939413,-0.09256604627528234,-0.09250857573665007,-0.09245113875467825,-0.09239373531055807,-0.09233636538549087,-0.09227902896068829,-0.0922217260173722,-0.09216445653677467,-0.09210722050013796,-0.0920500178887146,-0.09199284868376727,-0.09193571286656887,-0.09187861041840248,-0.09182154132056143,-0.0917645055543491,-0.09170750310107917,-0.09165053394207547,-0.09159359805867193,-0.09153669543221271,-0.0914798260440521,-0.09142298987555454,-0.09136618690809459,-0.091309417123057,-0.09125268050183663,-0.09119597702583845,-0.09113930667647756,-0.09108266943517918,-0.09102606528337866,-0.09096949420252141,-0.09091295617406304,-0.09085645117946917,-0.0907999792002155,-0.09074354021778783
25,5,0.44793032326908694,0.07396524656475341,1.11416689425652,0.3596856963909629,-0.09428761886930165,-0.09422811995398345,-0.09416865619715878,-0.09410922757893071,-0.09404983407941324,-0.09399047567873123,-0.09393115235702046,-0.0938718640944276,-0.09381261087111027,-0.09375339266723695,-0.09369420946298693,-0.09363506123855048,-0.09357594797412869,-0.09351686964993351,-0.0934578262461878,-0.09339881774312517,-0.09333984412099021,-0.09328090536003825,-0.09322200144053548,-0.09316313234275893,-0.09310429804699649,-0.09304549853354681,-0.09298673378271936,-0.09292800377483446,-0.09286930849022319,-0.09281064790922743,-0.09275202201219984,-0.09269343077950393,-0.09263487419151388,-0.09257635222861475,-0.0925178648712023,-0.09245941209968304,-0.09240099389447431,-0.0923426102360041,-0.09228426110471125,-0.09222594648104523,-0.09216766634546633,-0.09210942067844549,-0.09205120946046443,-0.09199303267201554,-0.09193489029360201,-0.0918767823057376,-0.09181870868894687,-0.09176066942376498
26,3,0.4581359900229221,0.07637572185943425,1.1382472328467397,0.36803764321790433,-0.09539692942146022,-0.09533572873267615,-0.09527456464392652,-0.09521343713429922,-0.09515234618289371,-0.09509129176882106,-0.09503027387120379,-0.09496929246917601,-0.09490834754188339,-0.09484743906848324,-0.09478656702814414,-0.09472573140004646,-0.09466493216338193,-0.09460416929735382,-0.094543442781177,-0.09448275259407764,-0.09442209871529364,-0.09436148112407422,-0.09430089979968014,-0.09424035472138359,-0.09417984586846834,-0.09411937322022951,-0.09405893675597371,-0.09399853645501902,-0.09393817229669493,-0.0938778442603424,-0.09381755232531377,-0.09375729647097289,-0.09369707667669495,-0.0936368929218666,-0.09357674518588585,-0.09351663344816216,-0.09345655768811638,-0.09339651788518069,-0.09333651401879874,-0.09327654606842549,-0.09321661401352728,-0.09315671783358181,-0.09309685750807817,-0.09303703301651678,-0.0929772443384094,-0.09291749145327916,-0.09285777434066048,-0.09279809298009908
27,2.152681853274242,0.46765822835934484,0.07794065367647748,1.161933835754428,0.3756683435904471,-0.09742429543739282,-0.0973609749984191,-0.09729769280520979,-0.09723444883573139,-0.09717124306796268,-0.09710807547989472,-0.0970449460495308,-0.09698185475488649,-0.09691880157398956,-0.09685578648488019,-0.09679280946561054,-0.09672987049424521,-0.09666696954886092,-0.0966041066075466,-0.09654128164840352,-0.09647849464954492,-0.09641574558909648,-0.09635303444519588,-0.09629036119599312,-0.09622772581965028,-0.09616512829434168,-0.09610256859825375,-0.09604004670958512,-0.09597756260654654,-0.09591511626736089,-0.09585270767026324,-0.09579033679350071,-0.09572800361533265,-0.09566570811403044,-0.0956034502678776,-0.09554123005516975,-0.09547904745421462,-0.09541690244333202,-0.09535479500085385,-0.09529272510512406,-0.09523069273449875,-0.09516869786734596,-0.09510674048204587,-0.0950448205569907,-0.09498293807058474,-0.09492109300124427,-0.09485928532739762,-0.09479751502748517,-0.09473578207995925
28,2.1975258037584724,0.47737883501181294,0.07953809393694733,1.18611380170808,3,-0.09933450372622181,-0.0992690681913158,-0.09920367258025091,-0.09913831686983544,-0.09907300103689068,-0.09900772505825091,-0.09894248891076343,-0.09887729257128852,-0.0988121360166994,-0.09874701922388246,-0.09868194216973677,-0.0986169048311746,-0.09855190718512108,-0.0984869492085143,-0.09842203087830531,-0.09835715217145803,-0.09829231306494944,-0.09822751353576933,-0.09816275356092043,-0.09809803311741841,-0.09803335218229178,-0.09796871073258206,-0.09790410874534353,-0.09783954619764341,-0.09777502306656177,-0.09771053932919159,-0.09764609496263862,-0.09758168994402158,-0.09751732425047195,-0.09745299785913408,-0.09738871074716512,-0.0973244628917351,-0.09726025427002682,-0.09719608485923589,-0.09713195463657075,-0.09706786357925262,-0.09700381166451551,-0.09693979886960617,-0.09687582517178421,-0.09681189054832195,-0.0967479949765045,-0.0966841384336297,-0.09662032089700813,-0.09655654234396312
29,2.243461251849546,0.48745874815062634,0.08132545833955988,1.2109540819540898,0.3835769293985246,-0.10144457034744492,-0.10137689237780285,-0.10130925609809642,-0.10124166148391486,-0.10117410851086121,-0.1011065971545523,-0.10103912739061871,-0.10097169919470479,-0.10090431254246865,-0.10083696740958227,-0.10076966377173117,-0.10070240160461481,-0.10063518088394623,-0.10056800158545229,-0.10050086368487356,-0.10043376715796422,-0.10036671198049234,-0.10029969812823948,-0.10023272557700104,-0.10016579430258603,-0.10009890428081712,-0.10003205548753073,-0.09996524789857682,-0.0998984814898191,-0.09983175623713486,-0.09976507211641505,-0.09969842910356422,-0.0996318271745006,-0.09956526630515601,-0.09949874647147582,-0.09943226764941902,-0.09936582981495827,-0.09929943294407972,-0.09923307701278312,-0.09916676199708181,-0.09910048787300267,-0.09903425461658615,-0.09896806220388617,-0.0989019106109703,-0.09883579981391959,-0.0987697297888286,-0.09870370051180545,-0.09863771195897168,-0.09857176410646241
30,2.290197240475146,3,0.08320058575017045,1.2363623577202487,0.39173759437154,-0.1033919202295427,-0.10332202090641554,-0.1032521650673283,-0.1031823526866141,-0.10311258373862073,-0.10304285819771047,-0.10297317603826028,-0.10290353723466164,-0.10283394176132059,-0.10276438959265789,-0.10269488070310863,-0.1026254150671226,-0.10255599265916404,-0.10248661345371181,-0.10241727742525925,-0.10234798454831413,-0.10227873479739893,-0.10220952814705045,-0.10214036457182002,-0.10207124404627353,-0.10200216654499122,-0.10193313204256797,-0.10186414051361291,-0.10179519193274982,-0.10172628627461676,-0.10165742351386635,-0.10158860362516552,-0.10151982658319574,-0.10145109236265283,-0.10138240093824702,-0.10131375228470288,-0.1012451463767595,-0.10117658318917024,-0.10110806269670283,-0.10103958487413944,-0.10097114969627655,-0.10090275713792497,-0.10083440717390987,-0.10076609977907074,-0.10069783492826143,-0.10062961259635007,-0.10056143275821915,-0.10049329538876532,-0.1004252004628997
31,2.3381105973126406,0.4977728283828183,0.0849074763703864,1.2620927407187497,0.39986090714069333,-0.10558719039489906,-0.10551492013997119,-0.10544269526288898,-0.10537051573666176,-0.10529838153431433,-0.10522629262888691,-0.10515424899343517,-0.10508225060103024,-0.1050102974247586,-0.10493838943772232,-0.10486652661303868,-0.10479470892384046,-0.1047229363432758,-0.10465120884450828,-0.10457952640071677,-0.10450788898509554,-0.10443629657085429,-0.10436474913121793,-0.1042932466394268,-0.10422178906873658,-0.10415037639241821,-0.10407900858375804,-0.10400768561605758,-0.10393640746263381,-0.10386517409681888,-0.10379398549196024,-0.1037228416214206,-0.10365174245857803,-0.10358068797682574,-0.10350967814957221,-0.10343871295024121,-0.10336779235227168,-0.10329691632911785,-0.10322608485424907,-0.10315529790114997,-0.10308455544332035,-0.10301385745427517,-0.1029432039075446,-0.10287259477667396,-0.1028020300352238,-0.10273150965676972,-0.10266103361490256,-0.10259060188322817,-0.10252021443536764
32,2.386819285382985,0.5081208509804287,0.08664982579165545,1.288359057168351,0.408153116092231,-0.10782860522908279,-0.10775389542099634,-0.10767923295260783,-0.10760461779554681,-0.10753004992145929,-0.1074555293020075,-0.10738105590887004,-0.10730662971374191,-0.10723225068833431,-0.10715791880437496,-0.10708363403360763,-0.10700939634779255,-0.10693520571870613,-0.10686106211814118,-0.10678696551790669,-0.10671291588982786,-0.10663891320574627,-0.1065649574375196,-0.10649104855702186,-0.10641718653614327,-0.10634337134679019,-0.10626960296088528,-0.10619588135036725,-0.1061222064871912,-0.1060485783433282,-0.10597499689076566,-0.10590146210150694,-0.10582797394757175,-0.10575453240099589,-0.10568113743383119,-0.10560778901814567,-0.1055344871260235,-0.10546123172956488,-0.10538802280088615,-0.10531486031211972,-0.10524174423541408,-0.10516867454293376,-0.10509565120685938,-0.10502267419938753,-0.10494974349273103,-0.10487685905911853,-0.10480402087079484,-0.1047312289000206,-0.10465848311907264
33,2.4365431472241137,0.5186844438290705,0.08842837078517758,1.3151724700884735,0.41661773298455107,-0.11011713445466187,-0.1100399146383963,-0.1099627441939091,-0.1098856230913921,-0.10980855130105449,-0.10973152879312262,-0.10965455553784016,-0.10957763150546812,-0.10950075666628466,-0.10942393099058534,-0.10934715444868277,-0.10927042701090692,-0.10919374864760491,-0.10911711932914114,-0.10904053902589719,-0.10896400770827172,-0.10888752534668074,-0.1088110919115573,-0.10873470737335167,-0.10865837170253131,-0.10858208486958071,-0.10850584684500163,-0.10842965759931275,-0.10835351710305013,-0.10827742532676674,-0.10820138224103268,-0.10812538781643515,-0.10804944202357841,-0.10797354483308388,-0.10789769621558987,-0.10782189614175185,-0.10774614458224228,-0.10767044150775071,-0.10759478688898358,-0.10751918069666447,-0.1074436229015339,-0.10736811347434937,-0.10729265238588533,-0.10721723960693325,-0.10714187510830159,-0.10706655886081567,-0.10699129083531786,-0.10691607100266727,-0.10684089933374014
34,2.4873033409816854,0.5294680978518465,0.09024386343036295,1.3425443750138755,0.4252583425932356,-0.11245376817163119,-0.11237396601181135,-0.11229421532832509,-0.11221451608986632,-0.1121348682651473,-0.11205527182289847,-0.11197572673186856,-0.1118962329608246,-0.11181679047855173,-0.11173739925385356,-0.11165805925555167,-0.11157877045248597,-0.1114995328135145,-0.11142034630751362,-0.11134121090337774,-0.11126212657001948,-0.11118309327636962,-0.11110411099137708,-0.11102517968400889,-0.11094629932325034,-0.11086746987810463,-0.11078869131759327,-0.11070996361075564,-0.11063128672664944,-0.1105526606343503,-0.11047408530295195,-0.11039556070156618,-0.11031708679932278,-0.11023866356536974,-0.11016029096887281,-0.11008196897901597,-0.11000369756500109,-0.10992547669604812,-0.10984730634139489,-0.10976918647029729,-0.10969111705202916,-0.10961309805588224,-0.10953512945116622,-0.10945721120720876,-0.1093793432933555,-0.10930152567896986,-0.10922375833343327,-0.10914604122614492,-0.10906837432652203
35,2.539121465776722,0.54047639752968,0.09209707143288315,1.3704864048377177,0.43407860422922134,-0.11483951728559517,-0.11475705851864826,-0.11467465340737819,-0.11459230191891859,-0.1145100040204225,-0.1144277596790621,-0.11434556886202901,-0.11426343153653405,-0.1141813476698073,-0.11409931722909823,-0.11401734018167535,-0.11393541649482657,-0.11385354613585888,-0.11377172907209868,-0.1136899652708914,-0.1136082546996017,-0.11352659732561346,-0.11344499311632973,-0.11336344203917265,-0.11328194406158364,-0.11320049915102309,-0.1131191072749707,-0.11303776840092503,-0.11295648249640405,-0.11287524952894462,-0.11279406946610274,-0.11271294227545345,-0.11263186792459086,-0.11255084638112825,-0.11246987761269774,-0.11238896158695062,-0.11230809827155712,-0.11222728763420656,-0.11214652964260717,-0.1120658242644862,-0.11198517146758992,-0.11190457121968343,-0.11182402348855092,-0.11174352824199545,-0.11166308544783907,-0.1115826950739227,-0.1115023570881062,-0.11142207145826821,-0.11134183815230647
36,2.592019570896349,0.5517140228503608,0.09398877844933028,1.3990104347555086,0.44308225328853623,-0.117275413944947,-0.11719022233008063,-0.11710508662740433,-0.11702000680242683,-0.11693498282067724,-0.11685001464770509,-0.11676510224908021,-0.11668024559039283,-0.11659544463725348,-0.11651069935529322,-0.11642600971016312,-0.11634137566753477,-0.11625679719309998,-0.11617227425257091,-0.11608780681167993,-0.1160033948361797,-0.11591903829184315,-0.11583473714446342,-0.11575049135985384,-0.11566630090384811,-0.11558216574229993,-0.11549808584108341,-0.11541406116609258,-0.11533009168324194,-0.11524617735846591,-0.1151623181577192,-0.11507851404697654,-0.11499476499223284,-0.11491107095950326,-0.11482743191482277,-0.11474384782424672,-0.1146603186538503,-0.11457684436972898,-0.11449342493799813,-0.11441006032479324,-0.11432675049626981,-0.11424349541860332,-0.11416029505798934,-0.11407714938064335,-0.11399405835280096,-0.1139110219407176,-0.11382804011066876,-0.11374511282894975,-0.11366224006187602
37,2.646020165176089,0.5631857512981925,0.09591978441862066,1.428128587312024,0.4522731028342576,-0.11976251198723385,-0.1196745092562068,-0.11958656477350554,-0.1194986785029468,-0.1194108504083689,-0.1193230804536316,-0.11923536860261623,-0.11914771481922556,-0.1190601190673838,-0.11897258131103682,-0.1188851015141516,-0.11879767964071683,-0.11871031565474248,-0.11862300952026006,-0.11853576120132232,-0.11844857066200348,-0.11836143786639916,-0.11827436277862627,-0.11818734536282309,-0.11810038558314935,-0.11801348340378587,-0.11792663878893506,-0.11783985170282031,-0.11775312210968664,-0.1176664499738001,-0.11757983525944811,-0.11749327793093925,-0.1174067779526034,-0.1173203352887918,-0.1172339499038766,-0.11714762176225145,-0.11706135082833094,-0.11697513706655105,-0.1168889804413688,-0.1168028809172624,-0.11671683845873121,-0.11663085303029565,-0.11654492459649732,-0.11645905312189893,-0.1163732385710843,-0.11628748090865824,-0.11620178009924674,-0.11611613610749667,-0.11603054889807617
38,5,0.5760219374794989,0.09901591454569375,1.4589777774451567,0.4627791165448814,-0.12117828442443725,-0.1210878583979983,-0.12099749284309834,-0.12090718772187396,-0.12081694299648446,-0.12072675862911177,-0.12063663458196044,-0.12054657081725775,-0.12045656729725344,-0.12036662398422011,-0.12027674084045265,-0.12018691782826868,-0.12009715491000839,-0.12000745204803455,-0.11991780920473237,-0.11982822634250963,-0.11973870342379668,-0.11964924041104627,-0.11955983726673367,-0.11947049395335678,-0.11938121043343562,-0.11929198666951307,-0.11920282262415403,-0.11911371825994618,-0.11902467353949941,-0.11893568842544604,-0.11884676288044073,-0.11875789686716061,-0.1186690903483052,-0.11858034328659614,-0.11849165564477765,-0.11840302738561607,-0.11831445847190025,-0.11822594886644115,-0.11813749853207207,-0.11804910743164865,-0.11796077552804862,-0.1178725027841721,-0.11778428916294138,-0.11769613462730101,-0.11760803914021765,-0.11752000266468027,-0.11743202516369981,-0.11734410660030963
39,2.702250519293214,0.5880007495094687,0.10105210992619676,1.4893456632213233,0.47238021026655225,-0.1237469703453446,-0.12365359015755446,-0.1235602729320276,-0.12346701862907401,-0.12337382720902755,-0.12328069863224603,-0.1231876328591111,-0.12309462985002828,-0.12300168956542688,-0.12290881196576028,-0.12281599701150536,-0.12272324466316295,-0.1226305548812577,-0.12253792762633806,-0.12244536285897611,-0.12235286053976781,-0.12226042062933282,-0.12216804308831447,-0.12207572787737982,-0.1219834749572198,-0.1218912842885487,-0.1217991558321048,-0.12170708954864969,-0.12161508539896897,-0.12152314334387163,-0.12143126334419033,-0.12133944536078126,-0.12124768935452432,-0.12115599528632302,-0.1210643631171042,-0.12097279280781845,-0.12088128431943973,-0.12078983761296573,-0.12069845264941745,-0.12060712938983946,-0.1205158677952998,-0.12042466782688993,-0.1203335294457248,-0.12024245261294278,-0.12015143728970573,-0.1200604834371988,-0.11996959101663064,-0.11987875998923311,-0.11978799031626167
40,2.7585492085682586,0.6002291107934874,0.10313061273502899,1.5203460823476336,0.4821809322816689,-0.12636964822714877,-0.12627322983632894,-0.1261768769854041,-0.1260805896327834,-0.1259843677369011,-0.1258882112562167,-0.1257921201492148,-0.1256960943744052,-0.1256001338903228,-0.12550423865552776,-0.1254084086286051,-0.12531264376816512,-0.12521694403284309,-0.12512130938129945,-0.12502573977221956,-0.12493023516431391,-0.12483479551631796,-0.12473942078699216,-0.1246441109351219,-0.12454886591951785,-0.12445368569901513,-0.12435857023247428,-0.12426351947878038,-0.12416853339684375,-0.12407361194559943,-0.1239787550840074,-0.12388396277105237,-0.12378923496574414,-0.1236945716271173,-0.12359997271423108,-0.12350543818616974,-0.12341096800204215,-0.1233165621209822,-0.12322222050214832,-0.12312794310472382,-0.12303372988791672,-0.12293958081095972,-0.12284549583311029,-0.12275147491365056,-0.12265751801188744,-0.12256362508715239,-0.12246979609880156,-0.12237603100621569,-0.12228232976880025
41,4,0.6138855624257438,0.10642515546955417,1.5531645746396154,0.49335730957548807,-0.12787606485113578,-0.12777701007024717,-0.12767802329316394,-0.12757910447640208,-0.12748025357650405,-0.12738147055003887,-0.127282755353602,-0.1271841079438154,-0.12708552827732736,-0.12698701631081286,-0.12688857200097295,-0.1267901953045353,-0.12669188617825392,-0.1265936445789092,-0.1264954704633078,-0.1263973637882828,-0.12629932451069362,-0.1262013525874259,-0.1261034479753915,-0.1260056106315289,-0.12590784051280238,-0.12581013757620285,-0.1257125017787471,-0.12561493307747848,-0.1255174314294663,-0.12541999679180615,-0.12532262912161968,-0.12522532837605477,-0.12512809451228557,-0.12503092748751207,-0.12493382725896057,-0.12483679378388333,-0.12473982701955887,-0.12464292692329154,-0.12454609345241188,-0.12444932656427644,-0.12435262621626768,-0.12425599236579418,-0.12415942497029041,-0.12406292398721698,-0.12396648937406021,-0.12387012108833254,-0.12377381908757215,-0.12367758332934334
42,5,5,0.1100510081914711,1.5869293211556077,0.5050286694249295,-0.12915193003551959,-0.129050280002869,-0.12894870047212462,-0.12884719139785564,-0.12874575273465913,-0.12864438443716003,-0.12854308646001109,-0.1284418587578929,-0.12834070128551384,-0.12823961399761022,-0.12813859684894582,-0.1280376497943124,-0.1279367727885294,-0.12783596578644407,-0.12773522874293117,-0.12763456161289333,-0.12753396435126077,-0.1274334369129914,-0.12733297925307063,-0.12723259132651185,-0.12713227308835565,-0.12703202449367046,-0.1269318454975521,-0.1268317360551242,-0.12673169612153776,-0.12663172565197134,-0.1265318246016309,-0.12643199292575005,-0.12633223057958998,-0.12623253751843896,-0.1261329136976131,-0.12603335907245566,-0.12593387359833752,-0.1258344572306568,-0.12573510992483908,-0.1256358316363373,-0.12553662232063167,-0.12543748193322982,-0.12533841042966662,-0.1252394077655044,-0.1251404738963326,-0.12504160877776796,-0.12494281236545449,-0.12484408461506345
43,5,0.629238322384081,2,4,4,-0.12977667305358767,-0.12967264500233266,-0.12956868991261467,-0.12946480773703156,-0.12936099842821047,-0.12925726193880782,-0.12915359822150926,-0.12905000722902965,-0.12894648891411306,-0.12884304322953286,-0.12873967012809132,-0.12863636956262006,-0.12853314148597977,-0.12842998585106039,-0.12832690261078072,-0.12822389171808882,-0.12812095312596175,-0.12801808678740564,-0.12791529265545554,-0.12781257068317578,-0.12770992082365937,-0.12760734303002855,-0.12750483725543424,-0.12740240345305665,-0.12730004157610467,-0.1271977515778162,-0.1270955334114579,-0.12699338703032545,-0.12689131238774345,-0.1267893094370651,-0.12668737813167258,-0.12658551842497684,-0.12648373027041768,-0.1263820136214636,-0.1262803684316118,-0.12617879465438844,-0.12607729224334807,-0.12597586115207424,-0.12587450133417893,-0.12577321274330314,-0.12567199533311618,-0.1255708490573161,-0.12546977386962962,-0.12536876972381203
44,4,0.6444239060399432,0.11556228058331423,1.623206595370707,4,-0.13113471616084768,-0.13102795500723013,-0.1309212694739743,-0.13081465951158266,-0.1307081250705884,-0.13060166610155555,-0.13049528255507878,-0.13038897438178354,-0.13028274153232586,-0.13017658395739265,-0.13007050160770112,-0.12996449443399938,-0.12985856238706603,-0.12975270541771036,-0.1296469234767721,-0.1295412165151216,-0.1294355844836598,-0.12933002733331805,-0.12922454501505817,-0.12911913747987278,-0.12901380467878448,-0.12890854656284673,-0.12880336308314302,-0.12869825419078768,-0.12859321983692515,-0.12848825997273033,-0.12838337454940835,-0.12827856351819483,-0.12817382683035577,-0.1280691644371872,-0.12796457629001562,-0.12786006234019773,-0.1277556225391206,-0.12765125683820133,-0.12754696518888733,-0.12744274754265628,-0.1273386038510158,-0.1272345340655039,-0.12713053813768851,-0.127026616019168,-0.12692276766157054,-0.12681899301655444,-0.12671529203580814,-0.12661166467105012
45,5,0.6592188763773447,0.11933313581939539,1.6583851359751773,0.5200983100070453,-0.13273631823437307,-0.13262666555585786,-0.13251709127793063,-0.13240759534890414,-0.1322981777171236,-0.1321888383309665,-0.13207957713884258,-0.13197039408919378,-0.1318612891304943,-0.13175226221125075,-0.13164331328000153,-0.13153444228531755,-0.1314256491758017,-0.13131693390008917,-0.13120829640684703,-0.13109973664477462,-0.13099125456260333,-0.13088285010909656,-0.13077452323304972,-0.13066627388329044,-0.13055810200867807,-0.13045000755810413,-0.13034199048049191,-0.13023405072479693,-0.13012618824000646,-0.1300184029751396,-0.12991069487924742,-0.12980306390141286,-0.1296955099907508,-0.1295880330964077,-0.12948063316756206,-0.129373310153424,-0.12926606400323556,-0.12915889466627042,-0.12905180209183403,-0.12894478622926359,-0.12883784702792783,-0.12873098443722739,-0.1286241984065943,-0.12851748888549258,-0.12841085582341752,-0.1283042991698962,-0.1281978188744871,-0.1280914148867805
46,2.82318927773699,0.6729348834636554,0.12179580830779613,1.69291036568662,0.5308948453317721,-0.13554500288772775,-0.13543189549313792,-0.13531886957194666,-0.13520592507010962,-0.1350930619336165,-0.13498028010849092,-0.13486757954079043,-0.13475496017660646,-0.13464242196206436,-0.13452996484332336,-0.13441758876657645,-0.1343052936780505,-0.13419307952400608,-0.1340809462507378,-0.13396889380457364,-0.13385692213187567,-0.13374503117903952,-0.13363322089249452,-0.13352149121870363,-0.13340984210416368,-0.13329827349540485,-0.13318678533899114,-0.13307537758151997,-0.1329640501696226,-0.1328528030499636,-0.13274163616924126,-0.1326305494741871,-0.1325195429115664,-0.132408616428178,-0.1322977699708538,-0.13218700348645954,-0.13207631692189403,-0.13196571022408984,-0.1318551833400126,-0.13174473621666138,-0.13163436880106869,-0.1315240810403002,-0.13141387288145498,-0.1313037442716653,-0.13119369515809687,-0.1310837254879483,-0.1309738352084517,-0.13086402426687221,-0.1307542926105082
47,2.882012523975309,0.6869366534686806,0.12430968017623889,1.7281547433871762,0.541915881200894,-0.13841272262145757,-0.13829606393959143,-0.13817948990818932,-0.13806300047075726,-0.1379465955708369,-0.13783027515200572,-0.1377140391578767,-0.1375978875320984,-0.1374818202183552,-0.137365837160367,-0.13724993830188909,-0.13713412358671248,-0.13701839295866353,-0.13690274636160438,-0.13678718373943227,-0.13667170503608023,-0.1365563101955166,-0.136440999161745,-0.13632577187880462,-0.13621062829077007,-0.13609556834175102,-0.1359805919758927,-0.1358656991373755,-0.13575088977041536,-0.13563616381926313,-0.13552152122820516,-0.13540696194156282,-0.13529248590369278,-0.13517809305898704,-0.13506378335187244,-0.13494955672681122,-0.13483541312830044,-0.13472135250087267,-0.13460737478909512,-0.13449347993757033,-0.13437966789093575,-0.1342659385938638,-0.13415229199106202,-0.13403872802727268,-0.1339252466472734,-0.13381184779587627,-0.1336985314179285,-0.13358529745831216,-0.13347214586194414
48,2.9420617785082657,0.7012301401766938,0.12687581598786457,1.7641332487924415,0.5531660859333596,-0.14134071805392948,-0.14122040898476096,-0.14110018785060247,-0.14098005459241456,-0.14086000915119518,-0.14074005146797985,-0.14062018148384148,-0.14050039913989035,-0.14038070437727423,-0.1402610971371784,-0.1401415773608252,-0.14002214498947452,-0.1399027999644234,-0.13978354222700645,-0.13966437171859516,-0.13954528838059863,-0.13942629215446303,-0.13930738298167167,-0.13918856080374506,-0.13906982556224104,-0.1389511771987543,-0.1388326156549169,-0.13871414087239764,-0.1385957527929029,-0.13847745135817563,-0.13835923650999607,-0.13824110819018126,-0.13812306634058535,-0.13800511090309953,-0.13788724181965167,-0.13776945903220678,-0.13765176248276642,-0.13753415211336956,-0.13741662786609143,-0.13729918968304444,-0.13718183750637772,-0.13706457127827698,-0.13694739094096497,-0.13683029643670094,-0.13671328770778107,-0.13659636469653794,-0.136479527345341,-0.1363627755965962,-0.13624610939274626
49,2,1,3,2,0.567004200126208,-0.14197726149172996,-0.141854180757188,-0.14173119094449604,-0.1416082919921401,-0.1414854838386454,-0.1413627664225767,-0.14124013968253765,-0.1411176035571714,-0.14099515798516027,-0.1408728029052258,-0.14075053825612857,-0.14062836397666836,-0.14050628000568405,-0.1403842862820537,-0.14026238274469424,-0.14014056933256192,-0.14001884598465184,-0.13989721263999808,-0.13977566923767368,-0.13965421571679085,-0.13953285201650042,-0.13941157807599236,-0.13929039383449518,-0.13916929923127672,-0.13904829420564332,-0.13892737869694022,-0.1388065526445514,-0.13868581598789959,-0.13856516866644644,-0.13844461061969202,-0.13832414178717534,-0.13820376210847374,-0.13808347152320372,-0.13796326997101988,-0.1378431573916157,-0.13772313372472317,-0.1376031989101127,-0.13748335288759342,-0.13736359559701278,-0.13724392697825694,-0.13712434697125023,-0.13700485551595556,-0.13688545255237416,-0.13676613802054574
